url,name,address,city,state,phone
https://allstatestax.tax/,Results,"îƒˆ211 Pine St # D, Rogue River, OR 97537",Rogue River,OR,î‚°(541) 582-8052
https://robertreynoldscpa.com/,Results,"îƒˆ1656 Williams Hwy, Grants Pass, OR 97527",Grants Pass,OR,î‚°(541) 479-1071
https://therogueteam.com/,Results,"îƒˆ8181 Crater Lake Hwy Ste C, White City, OR 97503",White City,OR,î‚°(541) 499-6171
http://roxanncpa.com/,Results,"îƒˆ2001 W Table Rock Rd, Medford, OR 97501",Medford,OR,î‚°(503) 684-8111
http://www.rkjcpa.com/,Results,"îƒˆ211 Rogue River Hwy #5477, Grants Pass, OR 97527",Grants Pass,OR,î‚°(541) 479-8082
http://www.accountinggp.com/,Results,"îƒˆ241 Rogue River Hwy, Grants Pass, OR 97527",Grants Pass,OR,î‚°(541) 476-7268
https://www.oregontaxcpa.com/,Results,"îƒˆ1692 Williams Hwy, Grants Pass, OR 97527",Grants Pass,OR,î‚°(541) 772-2410
http://www.rogueaccountant.com/,Results,"îƒˆ305 NE E St STE 200C, Grants Pass, OR 97526",Grants Pass,OR,î‚°(541) 203-0130
http://legacycpaoregon.com/,Results,"îƒˆ75 N 1st St, Central Point, OR 97502",Central Point,OR,î‚°(541) 326-0993
http://www.southernoregoncpas.com/,Results,"îƒˆ237 SE J St, Grants Pass, OR 97526",Grants Pass,OR,î‚°(541) 955-0500
http://www.grantspass.cpa/,Results,"îƒˆ406 SE G St, Grants Pass, OR 97526",Grants Pass,OR,î‚°(541) 244-2192
https://www.investmentresourcesinc.com/,Results,"îƒˆ1454 NW 6th St, Grants Pass, OR 97526",Grants Pass,OR,î‚°(541) 479-2529
http://www.a1pro.net/,Results,"îƒˆ1370 Rogue River Hwy #3, Grants Pass, OR 97527",Grants Pass,OR,î‚°(541) 476-6691
http://www.rwbrewstercpa.com/,Results,"îƒˆ670 Superior Ct, Medford, OR 97504",Medford,OR,î‚°(541) 773-1885
http://www.cavepayroll.com/,Results,"îƒˆ171 Carlos Ave, Rogue River, OR 97537",Rogue River,OR,î‚°(541) 821-4714
http://parkplace1690.com/,Results,"îƒˆ1500 Rogue River Hwy Suite F, Grants Pass, OR 97527",Grants Pass,OR,î‚°(541) 476-5548
http://teishamechetti.com/,Results,"îƒˆ201 E Main St, Rogue River, OR 97537",Rogue River,OR,î‚°(541) 299-0060
http://molatorecpa.com/,Results,"îƒˆ155 Alta Vista Rd # D, Eagle Point, OR 97524",Eagle Point,OR,î‚°(541) 826-4380
http://www.sgkeetonfinancial.com/,Results,"îƒˆ599 E Main St, Rogue River, OR 97537",Rogue River,OR,î‚°(541) 582-2477
https://roguetaxoregon.com/,Results,"îƒˆ300 E Hersey St, Ashland, OR 97520",Ashland,OR,î‚°(541) 488-9117
http://www.helmsswift.com/,Results,"îƒˆ724 S Central Ave #207, Medford, OR 97501",Medford,OR,î‚°(541) 500-1544
http://calyxcpa.com/,Results,"îƒˆ221 W 10th St, Medford, OR 97501",Medford,OR,î‚°(541) 816-4483
http://www.cpamedford.com/,Results,"îƒˆ801 O'Hare Pkwy #102, Medford, OR 97504",Medford,OR,î‚°(541) 779-0600
http://www.kdpllp.com/,Results,"îƒˆ640 Superior Ct, Medford, OR 97504",Medford,OR,î‚°(541) 773-6633
http://www.mycpapam.com/,Results,"îƒˆ960 Ellendale Dr B, Medford, OR 97504",Medford,OR,î‚°(541) 772-1452
http://www.wilcox.cpa/,Results,"îƒˆ1600 Sky Park Dr #204, Medford, OR 97504",Medford,OR,î‚°(541) 773-4461
https://capstoneaccounting.com/locations/medford?utm_source=google&utm_medium=organic&utm_campaign=gbp&utm_content=medford,Results,"îƒˆ3539 Heathrow Way Suite 108, Medford, OR 97504",Medford,OR,î‚°(541) 779-6600
http://www.tenpointcpa.com/,Results,"îƒˆ2719 W Main St, Medford, OR 97501",Medford,OR,î‚°(541) 773-1896
http://www.bagleypc.com/,Results,"îƒˆ1175 E Main St #2A, Medford, OR 97504",Medford,OR,î‚°(541) 779-6059
https://sorren.com/location/oregon-medford/,Results,"îƒˆ841 O'Hare Pkwy #200, Medford, OR 97504",Medford,OR,î‚°(541) 773-6633
https://www.kdpwealth.com/,Results,"îƒˆ841 O'Hare Pkwy #200, Medford, OR 97504",Medford,OR,î‚°(541) 776-1040
https://www.nagelpadilla.com/,Results,"îƒˆ290 N Main St UNIT 8, Ashland, OR 97520",Ashland,OR,î‚°(541) 488-1551
